"'	9","","","","","",""
"'	
!""#!!!!
342555267,.(.6
 (		)	 	(*!	+	,-		.)	/	01.2(
 	$$""%& 
62-228267,.(.6
	$""%
									  	
	




&)(*()(&(
		
#""$
 :9 	$

	
	

 !""  #$ !%
&' ()&(&()","","","","","",""
"2-4	)	;,<=	>;2--?	.@	
	 			
/+/'
: :
 								
20						)0
2<					4 
 	*
 *-'**123","","","2-4	)	.042A0 B277?	.-21=?	.
	 			
/+/'
: :
 
20)0
2<4 
 	!
 *-'**123
-(	)	 ,77-<-21=<	,0: :","","",""
".?
.?	.)	=047.=		
B2(-	0.","","","	.	.

/	'-
=047.==","","",""
"6 .5.(
.5))(&0","","","		","","",""
".","",":  	
.?","02C","C<","02	
4						","-,"
"","#""""$#
+-'78'
+/9","0*0","
0)(:","&)","(","55&*)"
"","","","&)
';6","","","*!"""
"","","",".-	/3-		-,","","","*!"""
"","","","	'0<","","",")(*"
"","","",".-	01.2(	-,","","","*!$""!"
"-(=.02(	)=0(	.
.-	01.2(	-,	>20	)2A,=@*!$""!
.-	01.2(	1-,	>20	5.=?4@		,74		200	B.,40?	5.	:,0?=?	 10<D 2/	0?	
.=<D 10	24	0-<","","","","","",""
"BB=	/	24	7<3-	.0	=1=4	(B=A	3424	D	","","","","","",""
"
D","","","","","",""
